PRAGMA foreign_keys=OFF;
BEGIN TRANSACTION;
CREATE TABLE IF NOT EXISTS "django_migrations" ("id" integer NOT NULL PRIMARY KEY AUTOINCREMENT, "app" varchar(255) NOT NULL, "name" varchar(255) NOT NULL, "applied" datetime NOT NULL);
INSERT INTO django_migrations VALUES(1,'contenttypes','0001_initial','2023-12-04 00:20:07.469430');
INSERT INTO django_migrations VALUES(2,'auth','0001_initial','2023-12-04 00:20:07.490365');
INSERT INTO django_migrations VALUES(3,'admin','0001_initial','2023-12-04 00:20:07.503309');
INSERT INTO django_migrations VALUES(4,'admin','0002_logentry_remove_auto_add','2023-12-04 00:20:07.516410');
INSERT INTO django_migrations VALUES(5,'admin','0003_logentry_add_action_flag_choices','2023-12-04 00:20:07.535829');
INSERT INTO django_migrations VALUES(6,'contenttypes','0002_remove_content_type_name','2023-12-04 00:20:07.574191');
INSERT INTO django_migrations VALUES(7,'auth','0002_alter_permission_name_max_length','2023-12-04 00:20:07.586102');
INSERT INTO django_migrations VALUES(8,'auth','0003_alter_user_email_max_length','2023-12-04 00:20:07.597866');
INSERT INTO django_migrations VALUES(9,'auth','0004_alter_user_username_opts','2023-12-04 00:20:07.607797');
INSERT INTO django_migrations VALUES(10,'auth','0005_alter_user_last_login_null','2023-12-04 00:20:07.620187');
INSERT INTO django_migrations VALUES(11,'auth','0006_require_contenttypes_0002','2023-12-04 00:20:07.623573');
INSERT INTO django_migrations VALUES(12,'auth','0007_alter_validators_add_error_messages','2023-12-04 00:20:07.631533');
INSERT INTO django_migrations VALUES(13,'auth','0008_alter_user_username_max_length','2023-12-04 00:20:07.643765');
INSERT INTO django_migrations VALUES(14,'auth','0009_alter_user_last_name_max_length','2023-12-04 00:20:07.654204');
INSERT INTO django_migrations VALUES(15,'auth','0010_alter_group_name_max_length','2023-12-04 00:20:07.664507');
INSERT INTO django_migrations VALUES(16,'auth','0011_update_proxy_permissions','2023-12-04 00:20:07.673032');
INSERT INTO django_migrations VALUES(17,'auth','0012_alter_user_first_name_max_length','2023-12-04 00:20:07.683921');
INSERT INTO django_migrations VALUES(18,'order','0001_initial','2023-12-04 00:22:19.160083');
INSERT INTO django_migrations VALUES(19,'sessions','0001_initial','2023-12-04 00:22:19.168591');
INSERT INTO django_migrations VALUES(20,'order','0002_alter_order_options','2023-12-04 01:20:35.270119');
INSERT INTO django_migrations VALUES(21,'authtoken','0001_initial','2023-12-04 12:37:07.233466');
INSERT INTO django_migrations VALUES(22,'authtoken','0002_auto_20160226_1747','2023-12-04 12:37:07.265256');
INSERT INTO django_migrations VALUES(23,'authtoken','0003_tokenproxy','2023-12-04 12:37:07.270373');
INSERT INTO django_migrations VALUES(24,'order','0003_alter_orderreturn_solution','2023-12-04 13:31:35.138559');
CREATE TABLE IF NOT EXISTS "auth_group_permissions" ("id" integer NOT NULL PRIMARY KEY AUTOINCREMENT, "group_id" integer NOT NULL REFERENCES "auth_group" ("id") DEFERRABLE INITIALLY DEFERRED, "permission_id" integer NOT NULL REFERENCES "auth_permission" ("id") DEFERRABLE INITIALLY DEFERRED);
INSERT INTO auth_group_permissions VALUES(1,1,25);
INSERT INTO auth_group_permissions VALUES(2,1,26);
INSERT INTO auth_group_permissions VALUES(3,1,28);
INSERT INTO auth_group_permissions VALUES(5,1,32);
INSERT INTO auth_group_permissions VALUES(6,1,33);
INSERT INTO auth_group_permissions VALUES(7,1,34);
INSERT INTO auth_group_permissions VALUES(8,1,35);
INSERT INTO auth_group_permissions VALUES(9,1,36);
INSERT INTO auth_group_permissions VALUES(10,1,37);
INSERT INTO auth_group_permissions VALUES(11,1,38);
INSERT INTO auth_group_permissions VALUES(12,1,39);
INSERT INTO auth_group_permissions VALUES(13,1,40);
INSERT INTO auth_group_permissions VALUES(14,1,41);
INSERT INTO auth_group_permissions VALUES(15,1,42);
INSERT INTO auth_group_permissions VALUES(16,1,43);
INSERT INTO auth_group_permissions VALUES(17,1,44);
INSERT INTO auth_group_permissions VALUES(18,1,45);
INSERT INTO auth_group_permissions VALUES(19,1,46);
INSERT INTO auth_group_permissions VALUES(20,1,47);
INSERT INTO auth_group_permissions VALUES(21,1,48);
INSERT INTO auth_group_permissions VALUES(22,1,49);
INSERT INTO auth_group_permissions VALUES(23,1,50);
INSERT INTO auth_group_permissions VALUES(24,1,51);
INSERT INTO auth_group_permissions VALUES(25,1,55);
INSERT INTO auth_group_permissions VALUES(26,2,43);
INSERT INTO auth_group_permissions VALUES(27,2,47);
INSERT INTO auth_group_permissions VALUES(28,2,51);
INSERT INTO auth_group_permissions VALUES(29,2,28);
INSERT INTO auth_group_permissions VALUES(32,3,28);
INSERT INTO auth_group_permissions VALUES(33,3,55);
INSERT INTO auth_group_permissions VALUES(34,2,56);
INSERT INTO auth_group_permissions VALUES(35,3,57);
CREATE TABLE IF NOT EXISTS "auth_user_groups" ("id" integer NOT NULL PRIMARY KEY AUTOINCREMENT, "user_id" integer NOT NULL REFERENCES "auth_user" ("id") DEFERRABLE INITIALLY DEFERRED, "group_id" integer NOT NULL REFERENCES "auth_group" ("id") DEFERRABLE INITIALLY DEFERRED);
INSERT INTO auth_user_groups VALUES(1,7,1);
INSERT INTO auth_user_groups VALUES(2,8,2);
INSERT INTO auth_user_groups VALUES(3,9,3);
CREATE TABLE IF NOT EXISTS "auth_user_user_permissions" ("id" integer NOT NULL PRIMARY KEY AUTOINCREMENT, "user_id" integer NOT NULL REFERENCES "auth_user" ("id") DEFERRABLE INITIALLY DEFERRED, "permission_id" integer NOT NULL REFERENCES "auth_permission" ("id") DEFERRABLE INITIALLY DEFERRED);
CREATE TABLE IF NOT EXISTS "django_admin_log" ("id" integer NOT NULL PRIMARY KEY AUTOINCREMENT, "object_id" text NULL, "object_repr" varchar(200) NOT NULL, "action_flag" smallint unsigned NOT NULL CHECK ("action_flag" >= 0), "change_message" text NOT NULL, "content_type_id" integer NULL REFERENCES "django_content_type" ("id") DEFERRABLE INITIALLY DEFERRED, "user_id" integer NOT NULL REFERENCES "auth_user" ("id") DEFERRABLE INITIALLY DEFERRED, "action_time" datetime NOT NULL);
INSERT INTO django_admin_log VALUES(1,'1','Manager',1,'[{"added": {}}]',4,1,'2023-12-04 00:31:45.317929');
INSERT INTO django_admin_log VALUES(2,'2','Picker',1,'[{"added": {}}]',4,1,'2023-12-04 00:32:24.839034');
INSERT INTO django_admin_log VALUES(3,'3','WarehouseWorker',1,'[{"added": {}}]',4,1,'2023-12-04 00:32:50.139061');
INSERT INTO django_admin_log VALUES(4,'7','manager',1,'[{"added": {}}]',2,1,'2023-12-04 00:33:31.251586');
INSERT INTO django_admin_log VALUES(5,'8','picker',1,'[{"added": {}}]',2,1,'2023-12-04 00:33:37.966713');
INSERT INTO django_admin_log VALUES(6,'9','warehouse-worker',1,'[{"added": {}}]',2,1,'2023-12-04 00:33:46.551628');
INSERT INTO django_admin_log VALUES(7,'7','manager',2,'[{"changed": {"fields": ["Staff status"]}}]',2,1,'2023-12-04 00:34:29.525058');
INSERT INTO django_admin_log VALUES(8,'8','picker',2,'[{"changed": {"fields": ["Staff status"]}}]',2,1,'2023-12-04 00:34:37.779749');
INSERT INTO django_admin_log VALUES(9,'9','warehouse-worker',2,'[{"changed": {"fields": ["Staff status"]}}]',2,1,'2023-12-04 00:34:41.924116');
INSERT INTO django_admin_log VALUES(10,'7','manager',2,'[{"changed": {"fields": ["Groups"]}}]',2,1,'2023-12-04 00:35:14.550048');
INSERT INTO django_admin_log VALUES(11,'8','picker',2,'[{"changed": {"fields": ["Groups"]}}]',2,1,'2023-12-04 00:35:21.693370');
INSERT INTO django_admin_log VALUES(12,'9','warehouse-worker',2,'[{"changed": {"fields": ["Groups"]}}]',2,1,'2023-12-04 00:35:27.777450');
INSERT INTO django_admin_log VALUES(13,'2','Picker',2,'[{"changed": {"fields": ["Permissions"]}}]',4,1,'2023-12-04 01:21:28.752349');
INSERT INTO django_admin_log VALUES(14,'1','Manager',2,'[{"changed": {"fields": ["Permissions"]}}]',4,1,'2023-12-04 01:21:44.017228');
INSERT INTO django_admin_log VALUES(15,'3','WarehouseWorker',2,'[{"changed": {"fields": ["Permissions"]}}]',4,1,'2023-12-04 01:21:51.693586');
INSERT INTO django_admin_log VALUES(16,'6bbbeae6ef3b836671ae82bf8f6528680c06ccda','Order object (6bbbeae6ef3b836671ae82bf8f6528680c06ccda)',1,'[{"added": {}}]',7,1,'2023-12-04 13:44:12.771115');
INSERT INTO django_admin_log VALUES(17,'6bbbeae6ef3b836671ae82bf8f6528680c06ccda','Order object (6bbbeae6ef3b836671ae82bf8f6528680c06ccda)',2,'[{"changed": {"fields": ["Color"]}}]',7,1,'2023-12-04 13:44:43.317807');
INSERT INTO django_admin_log VALUES(18,'6bbbeae6ef3b836671ae82bf8f6528680c06ccda','Order object (6bbbeae6ef3b836671ae82bf8f6528680c06ccda)',2,'[{"changed": {"fields": ["Color", "Client"]}}]',7,1,'2023-12-04 13:45:26.513216');
INSERT INTO django_admin_log VALUES(19,'1','First',1,'[{"added": {}}]',8,1,'2023-12-04 13:53:30.004466');
CREATE TABLE IF NOT EXISTS "django_content_type" ("id" integer NOT NULL PRIMARY KEY AUTOINCREMENT, "app_label" varchar(100) NOT NULL, "model" varchar(100) NOT NULL);
INSERT INTO django_content_type VALUES(1,'admin','logentry');
INSERT INTO django_content_type VALUES(2,'auth','user');
INSERT INTO django_content_type VALUES(3,'auth','permission');
INSERT INTO django_content_type VALUES(4,'auth','group');
INSERT INTO django_content_type VALUES(5,'contenttypes','contenttype');
INSERT INTO django_content_type VALUES(6,'sessions','session');
INSERT INTO django_content_type VALUES(7,'order','order');
INSERT INTO django_content_type VALUES(8,'order','standardorder');
INSERT INTO django_content_type VALUES(9,'order','orderreturn');
INSERT INTO django_content_type VALUES(10,'order','form');
INSERT INTO django_content_type VALUES(11,'order','size');
INSERT INTO django_content_type VALUES(12,'order','color');
INSERT INTO django_content_type VALUES(13,'order','client');
INSERT INTO django_content_type VALUES(14,'authtoken','token');
INSERT INTO django_content_type VALUES(15,'authtoken','tokenproxy');
CREATE TABLE IF NOT EXISTS "auth_permission" ("id" integer NOT NULL PRIMARY KEY AUTOINCREMENT, "content_type_id" integer NOT NULL REFERENCES "django_content_type" ("id") DEFERRABLE INITIALLY DEFERRED, "codename" varchar(100) NOT NULL, "name" varchar(255) NOT NULL);
INSERT INTO auth_permission VALUES(1,1,'add_logentry','Can add log entry');
INSERT INTO auth_permission VALUES(2,1,'change_logentry','Can change log entry');
INSERT INTO auth_permission VALUES(3,1,'delete_logentry','Can delete log entry');
INSERT INTO auth_permission VALUES(4,1,'view_logentry','Can view log entry');
INSERT INTO auth_permission VALUES(5,2,'add_user','Can add user');
INSERT INTO auth_permission VALUES(6,2,'change_user','Can change user');
INSERT INTO auth_permission VALUES(7,2,'delete_user','Can delete user');
INSERT INTO auth_permission VALUES(8,2,'view_user','Can view user');
INSERT INTO auth_permission VALUES(9,3,'add_permission','Can add permission');
INSERT INTO auth_permission VALUES(10,3,'change_permission','Can change permission');
INSERT INTO auth_permission VALUES(11,3,'delete_permission','Can delete permission');
INSERT INTO auth_permission VALUES(12,3,'view_permission','Can view permission');
INSERT INTO auth_permission VALUES(13,4,'add_group','Can add group');
INSERT INTO auth_permission VALUES(14,4,'change_group','Can change group');
INSERT INTO auth_permission VALUES(15,4,'delete_group','Can delete group');
INSERT INTO auth_permission VALUES(16,4,'view_group','Can view group');
INSERT INTO auth_permission VALUES(17,5,'add_contenttype','Can add content type');
INSERT INTO auth_permission VALUES(18,5,'change_contenttype','Can change content type');
INSERT INTO auth_permission VALUES(19,5,'delete_contenttype','Can delete content type');
INSERT INTO auth_permission VALUES(20,5,'view_contenttype','Can view content type');
INSERT INTO auth_permission VALUES(21,6,'add_session','Can add session');
INSERT INTO auth_permission VALUES(22,6,'change_session','Can change session');
INSERT INTO auth_permission VALUES(23,6,'delete_session','Can delete session');
INSERT INTO auth_permission VALUES(24,6,'view_session','Can view session');
INSERT INTO auth_permission VALUES(25,7,'add_order','Can add order');
INSERT INTO auth_permission VALUES(26,7,'change_order','Can change order');
INSERT INTO auth_permission VALUES(27,7,'delete_order','Can delete order');
INSERT INTO auth_permission VALUES(28,7,'view_order','Can view order');
INSERT INTO auth_permission VALUES(29,7,'view_any_status','Can view an order with any status');
INSERT INTO auth_permission VALUES(30,7,'view_in_assembly_only','Can view an order with `in assembly` status only');
INSERT INTO auth_permission VALUES(31,7,'view_in_delivery_only','Can view an order with `in delivery` status only');
INSERT INTO auth_permission VALUES(32,8,'add_standardorder','Can add standard order properties');
INSERT INTO auth_permission VALUES(33,8,'change_standardorder','Can change standard order properties');
INSERT INTO auth_permission VALUES(34,8,'delete_standardorder','Can delete standard order properties');
INSERT INTO auth_permission VALUES(35,8,'view_standardorder','Can view standard order properties');
INSERT INTO auth_permission VALUES(36,9,'add_orderreturn','Can add return order solution');
INSERT INTO auth_permission VALUES(37,9,'change_orderreturn','Can change return order solution');
INSERT INTO auth_permission VALUES(38,9,'delete_orderreturn','Can delete return order solution');
INSERT INTO auth_permission VALUES(39,9,'view_orderreturn','Can view return order solution');
INSERT INTO auth_permission VALUES(40,10,'add_form','Can add form');
INSERT INTO auth_permission VALUES(41,10,'change_form','Can change form');
INSERT INTO auth_permission VALUES(42,10,'delete_form','Can delete form');
INSERT INTO auth_permission VALUES(43,10,'view_form','Can view form');
INSERT INTO auth_permission VALUES(44,11,'add_size','Can add size');
INSERT INTO auth_permission VALUES(45,11,'change_size','Can change size');
INSERT INTO auth_permission VALUES(46,11,'delete_size','Can delete size');
INSERT INTO auth_permission VALUES(47,11,'view_size','Can view size');
INSERT INTO auth_permission VALUES(48,12,'add_color','Can add color');
INSERT INTO auth_permission VALUES(49,12,'change_color','Can change color');
INSERT INTO auth_permission VALUES(50,12,'delete_color','Can delete color');
INSERT INTO auth_permission VALUES(51,12,'view_color','Can view color');
INSERT INTO auth_permission VALUES(52,13,'add_client','Can add client');
INSERT INTO auth_permission VALUES(53,13,'change_client','Can change client');
INSERT INTO auth_permission VALUES(54,13,'delete_client','Can delete client');
INSERT INTO auth_permission VALUES(55,13,'view_client','Can view client');
INSERT INTO auth_permission VALUES(56,7,'manage_in_assembly_only','Can manage an order with `in assembly` process status only');
INSERT INTO auth_permission VALUES(57,7,'manage_in_delivery_only','Can manage an order with `in delivery` process status only');
INSERT INTO auth_permission VALUES(58,14,'add_token','Can add Token');
INSERT INTO auth_permission VALUES(59,14,'change_token','Can change Token');
INSERT INTO auth_permission VALUES(60,14,'delete_token','Can delete Token');
INSERT INTO auth_permission VALUES(61,14,'view_token','Can view Token');
INSERT INTO auth_permission VALUES(62,15,'add_tokenproxy','Can add token');
INSERT INTO auth_permission VALUES(63,15,'change_tokenproxy','Can change token');
INSERT INTO auth_permission VALUES(64,15,'delete_tokenproxy','Can delete token');
INSERT INTO auth_permission VALUES(65,15,'view_tokenproxy','Can view token');
CREATE TABLE IF NOT EXISTS "auth_group" ("id" integer NOT NULL PRIMARY KEY AUTOINCREMENT, "name" varchar(150) NOT NULL UNIQUE);
INSERT INTO auth_group VALUES(1,'Manager');
INSERT INTO auth_group VALUES(2,'Picker');
INSERT INTO auth_group VALUES(3,'WarehouseWorker');
CREATE TABLE IF NOT EXISTS "auth_user" ("id" integer NOT NULL PRIMARY KEY AUTOINCREMENT, "password" varchar(128) NOT NULL, "last_login" datetime NULL, "is_superuser" bool NOT NULL, "username" varchar(150) NOT NULL UNIQUE, "last_name" varchar(150) NOT NULL, "email" varchar(254) NOT NULL, "is_staff" bool NOT NULL, "is_active" bool NOT NULL, "date_joined" datetime NOT NULL, "first_name" varchar(150) NOT NULL);
INSERT INTO auth_user VALUES(1,'pbkdf2_sha256$600000$MImUFGfoxDE7E3Xc7sKOB7$xFIRRZGTJVILfhODkhKdIOTXjooIB0Fj2X3coZKmxY8=','2023-12-04 13:43:58.223214',1,'adminArtyom','','admin@email.com',1,1,'2023-12-04 00:22:57.308909','');
INSERT INTO auth_user VALUES(2,'pbkdf2_sha256$600000$fRQWsDCpyzwQ15AtDWZPA0$40raWJbAnbrtS2JHQAwIM/ZWx898rpci6iUPAC/DsIs=',NULL,0,'client-1','','client-1@email.com',0,1,'2023-12-04 00:26:21.719106','');
INSERT INTO auth_user VALUES(3,'pbkdf2_sha256$600000$GiX7mBXYxenmswDrpRmQ1K$4IUkysBFsgw5XxYwMVFyU9+3M0hBxE7D1rJoenvTcWQ=',NULL,0,'client-2','','client-2@email.com',0,1,'2023-12-04 00:26:22.138395','');
INSERT INTO auth_user VALUES(4,'pbkdf2_sha256$600000$oXJDCawNskYHWBgaXGb0h8$QzzotbVzaVgB0tL61NYUr/R+YRwsvVWMWA1weKJ30/U=',NULL,0,'client-3','','client-3@email.com',0,1,'2023-12-04 00:26:22.543268','');
INSERT INTO auth_user VALUES(5,'pbkdf2_sha256$600000$ka2447WUgoBWDiaqFjgnnT$ufZZiFoFnidxc7pOCAyZ71gYqjEwsc5llCwuXBiG/BU=',NULL,0,'client-4','','client-4@email.com',0,1,'2023-12-04 00:26:22.933627','');
INSERT INTO auth_user VALUES(6,'pbkdf2_sha256$600000$IzbraTh6BW02HO0eNF3hPZ$f+aDXvPOyEvUnDOkxD+0OpVvwec2o82U3WRPhSWdrVw=',NULL,0,'client-5','','client-5@email.com',0,1,'2023-12-04 00:26:23.349260','');
INSERT INTO auth_user VALUES(7,'pbkdf2_sha256$600000$6CGKLPgzsQzG1mMfj1KRu1$WMAYdrzIBLs9ZAj7Jj4TQ5pm8hwIRzLTomewEbU9UBg=','2023-12-04 01:26:08.872938',0,'manager','','',1,1,'2023-12-04 00:33:30','');
INSERT INTO auth_user VALUES(8,'pbkdf2_sha256$600000$pKCiEcwtPtrON64NOSFTkX$sS0ueldf54wJq743dLLByHodXRq0CKhQeiGyMFXcdXg=','2023-12-04 00:36:49.548528',0,'picker','','',1,1,'2023-12-04 00:33:37','');
INSERT INTO auth_user VALUES(9,'pbkdf2_sha256$600000$IAzE88ypJ4aZ9DzrpblOzf$zxUJ1TtJJmFIiTx9ZtzWvsrC6kae/XWwpwxziYRiHww=',NULL,0,'warehouse-worker','','',1,1,'2023-12-04 00:33:46','');
CREATE TABLE IF NOT EXISTS "order_client" ("user_ptr_id" integer NOT NULL PRIMARY KEY REFERENCES "auth_user" ("id") DEFERRABLE INITIALLY DEFERRED, "address" text NOT NULL, "additional" text NOT NULL);
INSERT INTO order_client VALUES(2,'Fake street 99','');
INSERT INTO order_client VALUES(3,'Fake street 99','');
INSERT INTO order_client VALUES(4,'Fake street 99','');
INSERT INTO order_client VALUES(5,'Fake street 99','');
INSERT INTO order_client VALUES(6,'Fake street 99','');
CREATE TABLE IF NOT EXISTS "order_color" ("id" integer NOT NULL PRIMARY KEY AUTOINCREMENT, "name" varchar(25) NOT NULL UNIQUE, "description" text NOT NULL);
INSERT INTO order_color VALUES(1,'color-1','');
INSERT INTO order_color VALUES(2,'color-2','');
INSERT INTO order_color VALUES(3,'color-3','');
INSERT INTO order_color VALUES(4,'color-4','');
INSERT INTO order_color VALUES(5,'color-5','');
CREATE TABLE IF NOT EXISTS "order_form" ("id" integer NOT NULL PRIMARY KEY AUTOINCREMENT, "name" varchar(25) NOT NULL UNIQUE, "description" text NOT NULL);
INSERT INTO order_form VALUES(1,'form-1','');
INSERT INTO order_form VALUES(2,'form-2','');
INSERT INTO order_form VALUES(3,'form-3','');
INSERT INTO order_form VALUES(4,'form-4','');
INSERT INTO order_form VALUES(5,'form-5','');
CREATE TABLE IF NOT EXISTS "order_size" ("id" integer NOT NULL PRIMARY KEY AUTOINCREMENT, "name" varchar(25) NOT NULL UNIQUE, "description" text NOT NULL);
INSERT INTO order_size VALUES(1,'size-1','');
INSERT INTO order_size VALUES(2,'size-2','');
INSERT INTO order_size VALUES(3,'size-3','');
INSERT INTO order_size VALUES(4,'size-4','');
INSERT INTO order_size VALUES(5,'size-5','');
CREATE TABLE IF NOT EXISTS "order_order" ("created" datetime NOT NULL, "modified" datetime NOT NULL, "code" varchar(40) NOT NULL PRIMARY KEY, "status" varchar(15) NOT NULL, "process" varchar(15) NOT NULL, "comment" text NOT NULL, "client_id" integer NULL REFERENCES "order_client" ("user_ptr_id") DEFERRABLE INITIALLY DEFERRED, "color_id" bigint NOT NULL REFERENCES "order_color" ("id") DEFERRABLE INITIALLY DEFERRED, "form_id" bigint NOT NULL REFERENCES "order_form" ("id") DEFERRABLE INITIALLY DEFERRED, "size_id" bigint NOT NULL REFERENCES "order_size" ("id") DEFERRABLE INITIALLY DEFERRED);
INSERT INTO order_order VALUES('2023-12-04 00:27:56.859812','2023-12-04 00:27:56.859905','b4d204660894151ac32bc01722170d1651882a98','cancelled','in_delivery','',5,5,5,4);
INSERT INTO order_order VALUES('2023-12-04 00:27:56.860047','2023-12-04 00:27:56.860092','b70b37dbcd9a83c0ee3335eb46372f72955cf991','completed','delivered','',3,5,2,3);
INSERT INTO order_order VALUES('2023-12-04 00:27:56.860189','2023-12-04 00:27:56.860224','2c66bbf09df91610a68e1b22c2dbb6d669cdee0a','completed','in_assembly','',6,5,1,1);
INSERT INTO order_order VALUES('2023-12-04 00:27:56.860315','2023-12-04 00:27:56.860348','b33def1094c8b2e4cfc560997efd08e2f2a66e51','returned','delivered','',5,2,3,2);
INSERT INTO order_order VALUES('2023-12-04 00:27:56.860434','2023-12-04 00:27:56.860466','414e6777d6ab5d860f04794307c8f1499b3f3280','cancelled','pending','',3,2,5,4);
INSERT INTO order_order VALUES('2023-12-04 00:27:56.860570','2023-12-04 00:27:56.860604','d3b734204f4d56f83a2c798893f5de2badfefd8f','completed','in_assembly','',2,5,1,1);
INSERT INTO order_order VALUES('2023-12-04 00:27:56.860695','2023-12-04 00:27:56.860729','efe8a3ea36b25249a6777694181c69e6a5a82712','returned','delivered','',3,3,3,4);
INSERT INTO order_order VALUES('2023-12-04 00:27:56.860819','2023-12-04 00:27:56.860853','d7385f2d2ca64f746b272624e1a2c3e5d0c555f9','cancelled','pending','',4,4,5,2);
INSERT INTO order_order VALUES('2023-12-04 00:27:56.860941','2023-12-04 00:27:56.860974','339812a6e94cf4d426364fe97824d5dad646d5f5','cancelled','pending','',5,2,5,2);
INSERT INTO order_order VALUES('2023-12-04 00:27:56.861063','2023-12-04 00:27:56.861097','c34a858fbf15018917273b794192b6dfb1f70bcb','cancelled','delivered','',4,5,4,4);
INSERT INTO order_order VALUES('2023-12-04 00:27:56.861186','2023-12-04 00:27:56.861228','c73d3621a18ae22f1ec7f6a5423701d647fb91f1','cancelled','delivered','',3,3,2,3);
INSERT INTO order_order VALUES('2023-12-04 00:27:56.861315','2023-12-04 00:27:56.861349','681b28f7f08ed3f2c7632bb4954cf9aa9f1394a3','in_process','pending','',5,3,4,2);
INSERT INTO order_order VALUES('2023-12-04 00:27:56.861444','2023-12-04 00:27:56.861477','6570b45b2d437390a6fd0e033ae27b6c3958d9f9','cancelled','pending','',4,5,5,1);
INSERT INTO order_order VALUES('2023-12-04 00:27:56.861563','2023-12-04 00:27:56.861598','9454aae8c33dfad74d770dd5c2fbedba17c5a42d','completed','delivered','',4,1,3,5);
INSERT INTO order_order VALUES('2023-12-04 00:27:56.861686','2023-12-04 00:27:56.861718','1a97e51a7ec7a07859ff5eaca608c5cb11adcc87','completed','in_delivery','',6,2,3,3);
INSERT INTO order_order VALUES('2023-12-04 00:27:56.861804','2023-12-04 00:27:56.861836','333ab09d23886c3642b28f5c0488ea9f7159d077','in_process','in_delivery','',3,1,2,2);
INSERT INTO order_order VALUES('2023-12-04 00:27:56.861922','2023-12-04 00:27:56.861954','a401827ede948a497fbc684f6707343fc0b16859','completed','in_delivery','',6,4,5,1);
INSERT INTO order_order VALUES('2023-12-04 00:27:56.862039','2023-12-04 00:27:56.862072','911f81a6ca243b40855fb05f46c1f99d69baf141','cancelled','in_assembly','',3,2,5,1);
INSERT INTO order_order VALUES('2023-12-04 00:27:56.862158','2023-12-04 00:27:56.862190','2d2fe76211daea938156b43182d87ad55bb36709','returned','delivered','',6,1,3,2);
INSERT INTO order_order VALUES('2023-12-04 00:27:56.862275','2023-12-04 00:27:56.862307','86cdd84dabdcc191a45a3152e6c542fa920e575a','completed','in_delivery','',5,2,2,2);
INSERT INTO order_order VALUES('2023-12-04 00:27:56.862391','2023-12-04 00:27:56.862423','cf53bd29e75108e939e311b1a180f0b861b4adf0','completed','in_delivery','',2,2,1,4);
INSERT INTO order_order VALUES('2023-12-04 00:27:56.862508','2023-12-04 00:27:56.862539','26936f7ba543fc5b61f5b63a3ab282e43b5f0fba','returned','delivered','',2,4,2,5);
INSERT INTO order_order VALUES('2023-12-04 00:27:56.862624','2023-12-04 00:27:56.862658','3fe14b4f3183985ef56376f86f143546e80b68e1','returned','pending','',6,5,5,3);
INSERT INTO order_order VALUES('2023-12-04 00:27:56.862745','2023-12-04 00:27:56.862777','a798ba0bb66bb42cad556be4e61f6914e733ec74','cancelled','delivered','',5,3,5,5);
INSERT INTO order_order VALUES('2023-12-04 00:27:56.862863','2023-12-04 00:27:56.862895','045d5e71684c05bd96afe63538afc804ac85ab03','in_process','in_assembly','',5,3,4,5);
INSERT INTO order_order VALUES('2023-12-04 00:27:56.862980','2023-12-04 00:27:56.863012','280fb4a7513a4ee365931c10fbc4b688d10a4a98','completed','in_delivery','',2,3,4,2);
INSERT INTO order_order VALUES('2023-12-04 00:27:56.863097','2023-12-04 00:27:56.863128','32ce612b7ba65f1b092e43cc7ae2c169fc85bd0d','returned','in_delivery','',4,2,3,3);
INSERT INTO order_order VALUES('2023-12-04 00:27:56.863214','2023-12-04 00:27:56.863246','1472557218ace1919330d23e63f23e9eeb1f42ac','cancelled','in_assembly','',6,2,2,5);
INSERT INTO order_order VALUES('2023-12-04 00:27:56.863331','2023-12-04 00:27:56.863379','81c0876a672d61fa93856f93bd648d764aa76fd4','in_process','in_assembly','',3,1,1,2);
INSERT INTO order_order VALUES('2023-12-04 00:27:56.863468','2023-12-04 00:27:56.863500','cb69fb02e9158846338b783b949e89369de258f0','cancelled','in_assembly','',5,5,3,2);
INSERT INTO order_order VALUES('2023-12-04 00:27:56.863585','2023-12-04 00:27:56.863617','982b7b174c269ce4e3f599a7350d7830a32a7cb9','in_process','delivered','',6,3,1,1);
INSERT INTO order_order VALUES('2023-12-04 00:27:56.863702','2023-12-04 00:27:56.863734','e015210e91e53ef79a568f854cab79f558d5696b','completed','pending','',6,3,1,4);
INSERT INTO order_order VALUES('2023-12-04 00:27:56.863819','2023-12-04 00:27:56.863851','40f1cee412dfe14ac3062c5c5abeba836b74827e','cancelled','in_assembly','',3,5,5,5);
INSERT INTO order_order VALUES('2023-12-04 00:27:56.863936','2023-12-04 00:27:56.863968','0b3ce406c0df49ef257b71945cd78a691d3898fc','in_process','delivered','',6,5,5,3);
INSERT INTO order_order VALUES('2023-12-04 00:27:56.864053','2023-12-04 00:27:56.864085','5defcff08cd63f0998ef3a620299f5b2fad6a49d','cancelled','pending','',6,3,4,2);
INSERT INTO order_order VALUES('2023-12-04 00:27:56.864170','2023-12-04 00:27:56.864202','6a12632abda952089b82968c53f3353811d8d38c','in_process','delivered','',5,4,4,1);
INSERT INTO order_order VALUES('2023-12-04 00:27:56.864299','2023-12-04 00:27:56.864331','7e8f9eaed34fba5d5329b21bfb6ba9fdbdea2c6a','in_process','pending','',5,2,4,5);
INSERT INTO order_order VALUES('2023-12-04 00:27:56.864417','2023-12-04 00:27:56.864449','578147b6775e917d1d9ed91ad6e31cdc2e27dd1e','completed','in_delivery','',2,3,1,2);
INSERT INTO order_order VALUES('2023-12-04 00:27:56.864534','2023-12-04 00:27:56.864566','17de8aec3a2a576fe8afec9e9cf6a6c12b201719','cancelled','delivered','',2,5,5,3);
INSERT INTO order_order VALUES('2023-12-04 00:27:56.864651','2023-12-04 00:27:56.864682','2f08886dedc1583ed190f3ba8e6a892d4cf6bcf5','completed','in_delivery','',4,1,1,5);
INSERT INTO order_order VALUES('2023-12-04 00:27:56.864961','2023-12-04 00:27:56.864996','201e4cbf17660e01ea58e6a625422faf499e5aa8','returned','delivered','',3,5,5,4);
INSERT INTO order_order VALUES('2023-12-04 00:27:56.865085','2023-12-04 00:27:56.865117','752d5db521e1b4603e7771878f84ce15350b245f','completed','in_delivery','',3,5,3,5);
INSERT INTO order_order VALUES('2023-12-04 00:27:56.865203','2023-12-04 00:27:56.865305','5cae1748c34e391c0d51b18d941fe7abd17b7cd6','returned','pending','',4,1,1,5);
INSERT INTO order_order VALUES('2023-12-04 00:27:56.865406','2023-12-04 00:27:56.865440','4e3404707448585dab4742e8afa3dfffba10f091','returned','in_assembly','',6,2,2,5);
INSERT INTO order_order VALUES('2023-12-04 00:27:56.865531','2023-12-04 00:27:56.865564','96401add27c30910e42e15b4b27e2b810161ba0e','cancelled','delivered','',3,5,2,5);
INSERT INTO order_order VALUES('2023-12-04 00:27:56.865663','2023-12-04 00:27:56.865697','9c324bdb46815ee8e6a4ad72e6569a960de4d8c9','completed','pending','',2,3,5,1);
INSERT INTO order_order VALUES('2023-12-04 00:27:56.865784','2023-12-04 00:27:56.865816','f83dbb293c0405a5c49a742baa16da6a62890899','in_process','in_assembly','',3,4,1,4);
INSERT INTO order_order VALUES('2023-12-04 00:27:56.865902','2023-12-04 00:27:56.865934','bcc00a5765aca6f5fa5abf67bdb4c316d12b7923','completed','in_delivery','',4,1,2,4);
INSERT INTO order_order VALUES('2023-12-04 00:27:56.866020','2023-12-04 00:27:56.866051','3320abe8a1b80b7e1db69fd0d35198da3e4212d5','in_process','pending','',4,4,2,4);
INSERT INTO order_order VALUES('2023-12-04 00:27:56.866140','2023-12-04 00:27:56.866173','ff3b594498200fa9d4c66f0ed045fcfce927806c','completed','in_delivery','',5,5,4,1);
INSERT INTO order_order VALUES('2023-12-04 13:44:12.769721','2023-12-04 13:45:48.905552','6bbbeae6ef3b836671ae82bf8f6528680c06ccda','returned','delivered','',2,3,3,2);
INSERT INTO order_order VALUES('2023-12-04 13:55:24.156438','2023-12-04 13:55:24.156466','ee3e0f696a3c08acf8ab4bb858d4b33865cc8cf3','in_process','pending','',NULL,2,2,2);
INSERT INTO order_order VALUES('2023-12-04 13:55:33.045352','2023-12-04 13:55:33.045383','cd95ab3c881d528f1eedb0252071c16a0c627530','in_process','in_assembly','',NULL,1,1,1);
INSERT INTO order_order VALUES('2023-12-04 13:56:13.576699','2023-12-04 13:56:13.576735','96b53446bad6cbd7c2682e4d2b4c42796c9c57e5','in_process','in_assembly','',NULL,1,1,1);
INSERT INTO order_order VALUES('2023-12-04 13:56:27.786220','2023-12-04 13:56:27.786252','b5b31e2947341a2a742c7812c1604aeb2d04b87e','in_process','in_assembly','',NULL,1,1,1);
INSERT INTO order_order VALUES('2023-12-04 13:56:53.322935','2023-12-04 13:56:53.322963','7dc5849147c58559cd35a853148f0e7d701eee74','in_process','pending','',NULL,2,2,2);
INSERT INTO order_order VALUES('2023-12-04 13:58:03.672050','2023-12-04 13:58:03.672104','a11131485a36edf3b9f7612543ce23a042d38e7c','in_process','pending','',2,2,2,2);
CREATE TABLE IF NOT EXISTS "order_standardorder" ("id" integer NOT NULL PRIMARY KEY AUTOINCREMENT, "created" datetime NOT NULL, "modified" datetime NOT NULL, "name" varchar(25) NOT NULL UNIQUE, "description" text NOT NULL, "color_id" bigint NOT NULL REFERENCES "order_color" ("id") DEFERRABLE INITIALLY DEFERRED, "form_id" bigint NOT NULL REFERENCES "order_form" ("id") DEFERRABLE INITIALLY DEFERRED, "size_id" bigint NOT NULL REFERENCES "order_size" ("id") DEFERRABLE INITIALLY DEFERRED);
INSERT INTO order_standardorder VALUES(1,'2023-12-04 13:53:30.002402','2023-12-04 13:53:30.002480','First','description',1,1,1);
CREATE TABLE IF NOT EXISTS "django_session" ("session_key" varchar(40) NOT NULL PRIMARY KEY, "session_data" text NOT NULL, "expire_date" datetime NOT NULL);
INSERT INTO django_session VALUES('dksis4jss4mdzsi70k5l459qi6ma9qyg','.eJxVjDsOwjAQBe_iGllrrz-Ykp4zWOsfDiBbipMKcXcSKQW0b2bem3lal-rXkWc_JXZhgp1-t0DxmdsO0oPavfPY2zJPge8KP-jgt57y63q4fweVRt1qVRAAlIkYjJHaCquJZFIlOpchnxElRmGSMwQRbAGFYDGQDDrbTWOfL7suNyw:1rA9Es:Sf17bJPpwWfHb4bNE1iCqr9BPhAYUr_ceLh3GPFbrTs','2023-12-18 13:43:58.227523');
CREATE TABLE IF NOT EXISTS "authtoken_token" ("key" varchar(40) NOT NULL PRIMARY KEY, "created" datetime NOT NULL, "user_id" integer NOT NULL UNIQUE REFERENCES "auth_user" ("id") DEFERRABLE INITIALLY DEFERRED);
INSERT INTO authtoken_token VALUES('f2bf091bc83e553a37664e4e73cacd335d548dbd','2023-12-04 13:37:48.833631',2);
CREATE TABLE IF NOT EXISTS "order_orderreturn" ("id" integer NOT NULL PRIMARY KEY AUTOINCREMENT, "created" datetime NOT NULL, "modified" datetime NOT NULL, "new_order_id" varchar(40) NULL UNIQUE REFERENCES "order_order" ("code") DEFERRABLE INITIALLY DEFERRED, "order_id" varchar(40) NOT NULL UNIQUE REFERENCES "order_order" ("code") DEFERRABLE INITIALLY DEFERRED, "solution" varchar(15) NOT NULL);
INSERT INTO order_orderreturn VALUES(1,'2023-12-04 13:45:48.919416','2023-12-04 13:45:48.919442',NULL,'6bbbeae6ef3b836671ae82bf8f6528680c06ccda','pending');
DELETE FROM sqlite_sequence;
INSERT INTO sqlite_sequence VALUES('django_migrations',24);
INSERT INTO sqlite_sequence VALUES('django_admin_log',19);
INSERT INTO sqlite_sequence VALUES('django_content_type',15);
INSERT INTO sqlite_sequence VALUES('auth_permission',65);
INSERT INTO sqlite_sequence VALUES('auth_group',3);
INSERT INTO sqlite_sequence VALUES('auth_user',9);
INSERT INTO sqlite_sequence VALUES('order_color',5);
INSERT INTO sqlite_sequence VALUES('order_size',5);
INSERT INTO sqlite_sequence VALUES('order_form',5);
INSERT INTO sqlite_sequence VALUES('auth_group_permissions',35);
INSERT INTO sqlite_sequence VALUES('auth_user_groups',3);
INSERT INTO sqlite_sequence VALUES('order_orderreturn',1);
INSERT INTO sqlite_sequence VALUES('order_standardorder',1);
CREATE UNIQUE INDEX "auth_group_permissions_group_id_permission_id_0cd325b0_uniq" ON "auth_group_permissions" ("group_id", "permission_id");
CREATE INDEX "auth_group_permissions_group_id_b120cbf9" ON "auth_group_permissions" ("group_id");
CREATE INDEX "auth_group_permissions_permission_id_84c5c92e" ON "auth_group_permissions" ("permission_id");
CREATE UNIQUE INDEX "auth_user_groups_user_id_group_id_94350c0c_uniq" ON "auth_user_groups" ("user_id", "group_id");
CREATE INDEX "auth_user_groups_user_id_6a12ed8b" ON "auth_user_groups" ("user_id");
CREATE INDEX "auth_user_groups_group_id_97559544" ON "auth_user_groups" ("group_id");
CREATE UNIQUE INDEX "auth_user_user_permissions_user_id_permission_id_14a6b632_uniq" ON "auth_user_user_permissions" ("user_id", "permission_id");
CREATE INDEX "auth_user_user_permissions_user_id_a95ead1b" ON "auth_user_user_permissions" ("user_id");
CREATE INDEX "auth_user_user_permissions_permission_id_1fbb5f2c" ON "auth_user_user_permissions" ("permission_id");
CREATE INDEX "django_admin_log_content_type_id_c4bce8eb" ON "django_admin_log" ("content_type_id");
CREATE INDEX "django_admin_log_user_id_c564eba6" ON "django_admin_log" ("user_id");
CREATE UNIQUE INDEX "django_content_type_app_label_model_76bd3d3b_uniq" ON "django_content_type" ("app_label", "model");
CREATE UNIQUE INDEX "auth_permission_content_type_id_codename_01ab375a_uniq" ON "auth_permission" ("content_type_id", "codename");
CREATE INDEX "auth_permission_content_type_id_2f476e4b" ON "auth_permission" ("content_type_id");
CREATE INDEX "order_order_client_id_8dc70a8e" ON "order_order" ("client_id");
CREATE INDEX "order_order_color_id_f9f32abd" ON "order_order" ("color_id");
CREATE INDEX "order_order_form_id_6b8e440a" ON "order_order" ("form_id");
CREATE INDEX "order_order_size_id_6ebe9db2" ON "order_order" ("size_id");
CREATE INDEX "order_standardorder_color_id_11ec4ea4" ON "order_standardorder" ("color_id");
CREATE INDEX "order_standardorder_form_id_ea6806db" ON "order_standardorder" ("form_id");
CREATE INDEX "order_standardorder_size_id_11a1ae8b" ON "order_standardorder" ("size_id");
CREATE INDEX "django_session_expire_date_a5c62663" ON "django_session" ("expire_date");
COMMIT;
